,Systolic_BP,Diastolic_BP,Heart_Rate,Oxygen_Saturation,Temperature
Cluster 0,97.01709401709402,69.11538461538461,91.07264957264957,97.76068376068376,35.919658119658116
Cluster 1,112.47368421052632,67.82163742690058,82.23976608187134,96.75438596491227,35.76315789473684
Cluster 2,104.91228070175438,72.63450292397661,75.91520467836257,97.9327485380117,36.564912280701755
